prop_service,prop_service_se,n
0.16785122489689672,0.004861568004143624,9861
