inc3,prop_service,prop_service_se,n
high,0.4895146894703161,0.01860786539644904,1077
low,0.54280299275277,0.08931603673639055,47
middle,0.4743513281328005,0.03553822928270358,298
